feature,importance,hemisphere,anatomical_region,statistic,modality,target
lh_S_temporal_inf__slope_ta,29.42213081961545,Left,S_temporal_inf,slope_ta,text-audio,roi
lh_G_temporal_inf__slope_ta,29.01029833346912,Left,G_temporal_inf,slope_ta,text-audio,roi
rh_G_temporal_inf__slope_ta,27.019628878602607,Right,G_temporal_inf,slope_ta,text-audio,roi
lh_S_circular_insula_ant__slope_vid,26.343205198365236,Left,S_circular_insula_ant,slope_vid,video,roi
lh_S_front_middle__peak_fraction_vid,26.115511019398724,Left,S_front_middle,peak_fraction_vid,video,roi
lh_S_oc_temp_lat__slope_ta,23.975559158960028,Left,S_oc_temp_lat,slope_ta,text-audio,roi
lh_S_collat_transv_ant__slope_vid,23.40850853646046,Left,S_collat_transv_ant,slope_vid,video,roi
rh_S_circular_insula_ant__peak_fraction_vid,21.697436243860587,Right,S_circular_insula_ant,peak_fraction_vid,video,roi
rh_S_front_middle__peak_fraction_vid,21.60143718060037,Right,S_front_middle,peak_fraction_vid,video,roi
rh_S_oc_temp_lat__slope_ta,21.59408477845045,Right,S_oc_temp_lat,slope_ta,text-audio,roi
lh_G_and_S_frontomargin__slope_vid,21.428882101359736,Left,G_and_S_frontomargin,slope_vid,video,roi
rh_S_circular_insula_ant__slope_vid,21.414870489176327,Right,S_circular_insula_ant,slope_vid,video,roi
lh_Pole_occipital__peak_fraction_ta,21.19083166452252,Left,Pole_occipital,peak_fraction_ta,text-audio,roi
lh_S_temporal_inf__peak_fraction_ta,20.244247920755676,Left,S_temporal_inf,peak_fraction_ta,text-audio,roi
lh_S_front_middle__slope_vid,19.78846232232052,Left,S_front_middle,slope_vid,video,roi
lh_G_subcallosal__slope_ta,8.62362824346456,Left,G_subcallosal,slope_ta,text-audio,cvr
rh_G_and_S_frontomargin__std_ta,8.378224572128543,Right,G_and_S_frontomargin,std_ta,text-audio,cvr
rh_G_front_inf_Triangul__peak_fraction_ta,8.071167095705249,Right,G_front_inf_Triangul,peak_fraction_ta,text-audio,cvr
rh_G_subcallosal__mean_ta,7.8461803879614225,Right,G_subcallosal,mean_ta,text-audio,cvr
lh_S_oc_sup_and_transversal__std_vid,7.830671545640981,Left,S_oc_sup_and_transversal,std_vid,video,cvr
rh_S_oc_sup_and_transversal__std_vid,7.259403228987476,Right,S_oc_sup_and_transversal,std_vid,video,cvr
rh_S_suborbital__p95_ta,6.975116983967133,Right,S_suborbital,p95_ta,text-audio,cvr
rh_G_and_S_transv_frontopol__std_ta,6.913593861789692,Right,G_and_S_transv_frontopol,std_ta,text-audio,cvr
lh_S_temporal_sup__peak_fraction_vid,6.872805089769657,Left,S_temporal_sup,peak_fraction_vid,video,cvr
rh_G_oc_temp_lat_fusifor__std_vid,6.781821042007438,Right,G_oc_temp_lat_fusifor,std_vid,video,cvr
rh_G_subcallosal__peak_fraction_ta,6.72862645085567,Right,G_subcallosal,peak_fraction_ta,text-audio,cvr
lh_Pole_temporal__slope_vid,6.615330052890031,Left,Pole_temporal,slope_vid,video,cvr
lh_G_subcallosal__max_ta,6.455142935728116,Left,G_subcallosal,max_ta,text-audio,cvr
lh_G_subcallosal__std_ta,6.44919873246342,Left,G_subcallosal,std_ta,text-audio,cvr
rh_S_cingul_Marginalis__slope_vid,6.345496595065119,Right,S_cingul_Marginalis,slope_vid,video,cvr
lh_Pole_temporal__p95_vid,118.7837781332577,Left,Pole_temporal,p95_vid,video,mean_ictr
lh_Pole_occipital__slope_ta,110.47082062440133,Left,Pole_occipital,slope_ta,text-audio,mean_ictr
lh_Pole_temporal__mean_vid,107.53500465700465,Left,Pole_temporal,mean_vid,video,mean_ictr
lh_S_orbital_lateral__mean_vid,106.99728696742248,Left,S_orbital_lateral,mean_vid,video,mean_ictr
rh_G_and_S_occipital_inf__mean_vid,101.46948798452097,Right,G_and_S_occipital_inf,mean_vid,video,mean_ictr
lh_G_front_middle__mean_vid,97.59943218856817,Left,G_front_middle,mean_vid,video,mean_ictr
lh_G_and_S_frontomargin__mean_vid,96.94849347164148,Left,G_and_S_frontomargin,mean_vid,video,mean_ictr
rh_Pole_occipital__slope_ta,92.31329318110384,Right,Pole_occipital,slope_ta,text-audio,mean_ictr
rh_Pole_temporal__slope_ta,87.98588887133307,Right,Pole_temporal,slope_ta,text-audio,mean_ictr
rh_Lat_Fis_ant_Vertical__slope_vid,87.55203269253334,Right,Lat_Fis_ant_Vertical,slope_vid,video,mean_ictr
lh_Pole_temporal__max_vid,86.68774968936769,Left,Pole_temporal,max_vid,video,mean_ictr
rh_Lat_Fis_ant_Vertical__peak_fraction_vid,85.68902984702353,Right,Lat_Fis_ant_Vertical,peak_fraction_vid,video,mean_ictr
lh_S_orbital_lateral__p95_vid,84.11312738426541,Left,S_orbital_lateral,p95_vid,video,mean_ictr
lh_Pole_temporal__slope_ta,83.84380383399315,Left,Pole_temporal,slope_ta,text-audio,mean_ictr
rh_G_front_middle__mean_vid,82.61844233663771,Right,G_front_middle,mean_vid,video,mean_ictr
lh_Lat_Fis_ant_Vertical__mean_ta,101.97574749052959,Left,Lat_Fis_ant_Vertical,mean_ta,text-audio,max_ictr
lh_Lat_Fis_ant_Horizont__mean_ta,87.09812408324512,Left,Lat_Fis_ant_Horizont,mean_ta,text-audio,max_ictr
lh_S_oc_temp_lat__mean_vid,72.85862475577734,Left,S_oc_temp_lat,mean_vid,video,max_ictr
lh_Pole_temporal__p95_vid,72.62580278984635,Left,Pole_temporal,p95_vid,video,max_ictr
rh_G_temporal_inf__mean_vid,72.08905039847708,Right,G_temporal_inf,mean_vid,video,max_ictr
lh_G_temporal_inf__mean_vid,69.45683407490418,Left,G_temporal_inf,mean_vid,video,max_ictr
rh_S_oc_temp_lat__mean_vid,65.27472134919482,Right,S_oc_temp_lat,mean_vid,video,max_ictr
rh_Lat_Fis_ant_Horizont__mean_ta,64.6462101398938,Right,Lat_Fis_ant_Horizont,mean_ta,text-audio,max_ictr
rh_G_front_inf_Opercular__mean_ta,62.74444123374279,Right,G_front_inf_Opercular,mean_ta,text-audio,max_ictr
lh_Pole_temporal__max_vid,60.532780624878924,Left,Pole_temporal,max_vid,video,max_ictr
lh_G_insular_short__mean_ta,55.140703549344906,Left,G_insular_short,mean_ta,text-audio,max_ictr
rh_S_temporal_inf__mean_vid,54.533689620939704,Right,S_temporal_inf,mean_vid,video,max_ictr
rh_G_insular_short__mean_ta,54.50616655705718,Right,G_insular_short,mean_ta,text-audio,max_ictr
rh_Lat_Fis_post__mean_vid,51.368378529438466,Right,Lat_Fis_post,mean_vid,video,max_ictr
rh_G_front_inf_Triangul__mean_ta,50.18991807311738,Right,G_front_inf_Triangul,mean_ta,text-audio,max_ictr
